"","V1","BEGIN_YEARMONTH","BEGIN_DAY","END_YEARMONTH","END_DAY","STATE","CZ_NAME","BEGIN_DATE_TIME","CZ_TIMEZONE","END_DATE_TIME"
"1","1",195004,28,195004,28,"OKLAHOMA","WASHITA","28-APR-50 14:45:00","CST","28-APR-50 14:45:00"
"2","2",195004,29,195004,29,"TEXAS","COMANCHE","29-APR-50 15:30:00","CST","29-APR-50 15:30:00"
"3","3",195006,22,195006,22,"NEBRASKA","NUCKOLLS","22-JUN-50 21:00:00","CST","22-JUN-50 21:00:00"
"4","4",195009,15,195009,15,"OKLAHOMA","HUGHES","15-SEP-50 17:45:00","CST","15-SEP-50 17:45:00"
"5","5",195009,16,195009,16,"OKLAHOMA","PITTSBURG","16-SEP-50 01:30:00","CST","16-SEP-50 01:30:00"
"6","6",195010,1,195010,1,"OKLAHOMA","CIMARRON","01-OCT-50 21:00:00","CST","01-OCT-50 21:00:00"
"7","7",195007,5,195007,5,"PENNSYLVANIA","LEHIGH","05-JUL-50 18:00:00","CST","05-JUL-50 18:00:00"
"8","8",195007,5,195007,5,"PENNSYLVANIA","DAUPHIN","05-JUL-50 18:30:00","CST","05-JUL-50 18:30:00"
"9","9",195007,24,195007,24,"PENNSYLVANIA","CRAWFORD","24-JUL-50 14:40:00","CST","24-JUL-50 14:40:00"
"10","10",195008,29,195008,29,"PENNSYLVANIA","BUCKS","29-AUG-50 16:00:00","CST","29-AUG-50 16:00:00"
"11","11",195011,4,195011,4,"PENNSYLVANIA","LANCASTER","04-NOV-50 17:00:00","CST","04-NOV-50 17:00:00"
"12","12",195011,4,195011,4,"PENNSYLVANIA","BERKS","04-NOV-50 17:30:00","CST","04-NOV-50 17:30:00"
"13","13",195005,8,195005,8,"NEBRASKA","NEMAHA","08-MAY-50 22:10:00","CST","08-MAY-50 22:10:00"
"14","14",195005,18,195005,18,"NEBRASKA","RED WILLOW","18-MAY-50 15:15:00","CST","18-MAY-50 15:15:00"
"15","15",195006,13,195006,13,"NEBRASKA","KNOX","13-JUN-50 17:30:00","CST","13-JUN-50 17:30:00"
"16","16",195007,15,195007,15,"NEBRASKA","BURT","15-JUL-50 17:30:00","CST","15-JUL-50 17:30:00"
"17","17",195009,21,195009,21,"NEBRASKA","LANCASTER","21-SEP-50 17:30:00","CST","21-SEP-50 17:30:00"
"18","18",195001,26,195001,26,"TEXAS","BROOKS","26-JAN-50 18:00:00","CST","26-JAN-50 18:00:00"
"19","19",195002,11,195002,11,"TEXAS","HARRIS","11-FEB-50 13:50:00","CST","11-FEB-50 13:50:00"
"20","20",195002,11,195002,11,"TEXAS","SMITH","11-FEB-50 21:00:00","CST","11-FEB-50 21:00:00"
"21","21",195002,11,195002,11,"TEXAS","CASS","11-FEB-50 23:55:00","CST","11-FEB-50 23:55:00"
"22","22",195002,12,195002,12,"TEXAS","BOWIE","12-FEB-50 00:30:00","CST","12-FEB-50 00:30:00"
"23","23",195002,12,195002,12,"TEXAS","ERATH","12-FEB-50 01:15:00","CST","12-FEB-50 01:15:00"
"24","24",195002,12,195002,12,"TEXAS","LIMESTONE","12-FEB-50 06:10:00","CST","12-FEB-50 06:10:00"
"25","25",195002,12,195002,12,"TEXAS","SHELBY","12-FEB-50 11:57:00","CST","12-FEB-50 11:57:00"
"26","26",195002,12,195002,12,"TEXAS","SHELBY","12-FEB-50 12:00:00","CST","12-FEB-50 12:00:00"
"27","27",195004,28,195004,28,"TEXAS","CALLAHAN","28-APR-50 18:00:00","CST","28-APR-50 18:00:00"
"28","28",195005,4,195005,4,"TEXAS","OCHILTREE","04-MAY-50 20:30:00","CST","04-MAY-50 20:30:00"
"29","29",195005,14,195005,14,"TEXAS","FORT BEND","14-MAY-50 16:00:00","CST","14-MAY-50 16:00:00"
"30","30",195005,15,195005,15,"TEXAS","KENDALL","15-MAY-50 00:01:00","CST","15-MAY-50 00:01:00"
"31","31",195002,27,195002,27,"OKLAHOMA","OKLAHOMA","27-FEB-50 10:20:00","CST","27-FEB-50 10:20:00"
"32","32",195003,27,195003,27,"OKLAHOMA","PITTSBURG","27-MAR-50 03:00:00","CST","27-MAR-50 03:00:00"
"33","33",195004,2,195004,2,"OKLAHOMA","LINCOLN","02-APR-50 18:00:00","CST","02-APR-50 18:00:00"
"34","34",195004,3,195004,3,"OKLAHOMA","TULSA","03-APR-50 16:15:00","CST","03-APR-50 16:15:00"
"35","35",195004,28,195004,28,"OKLAHOMA","KIOWA","28-APR-50 14:17:00","CST","28-APR-50 14:17:00"
"36","36",195004,28,195004,28,"OKLAHOMA","KIOWA","28-APR-50 14:35:00","CST","28-APR-50 14:35:00"
"37","37",195004,28,195004,28,"OKLAHOMA","HUGHES","28-APR-50 19:05:00","CST","28-APR-50 19:05:00"
"38","38",195004,28,195004,28,"OKLAHOMA","COAL","28-APR-50 19:30:00","CST","28-APR-50 19:30:00"
"39","39",195005,4,195005,4,"OKLAHOMA","CUSTER","04-MAY-50 21:30:00","CST","04-MAY-50 21:30:00"
"40","40",195005,4,195005,4,"OKLAHOMA","BECKHAM","04-MAY-50 21:30:00","CST","04-MAY-50 21:30:00"
"41","41",195005,4,195005,4,"OKLAHOMA","WOODWARD","04-MAY-50 21:45:00","CST","04-MAY-50 21:45:00"
"42","42",195005,7,195005,7,"OKLAHOMA","ELLIS","07-MAY-50 18:30:00","CST","07-MAY-50 18:30:00"
"43","43",195005,7,195005,7,"OKLAHOMA","PAYNE","07-MAY-50 23:00:00","CST","07-MAY-50 23:00:00"
"44","44",195005,7,195005,7,"OKLAHOMA","KINGFISHER","07-MAY-50 23:00:00","CST","07-MAY-50 23:00:00"
"45","45",195005,9,195005,9,"OKLAHOMA","PONTOTOC","09-MAY-50 20:20:00","CST","09-MAY-50 20:20:00"
"46","46",195005,11,195005,11,"OKLAHOMA","BEAVER","11-MAY-50 18:30:00","CST","11-MAY-50 18:30:00"
"47","47",195005,16,195005,16,"OKLAHOMA","DEWEY","16-MAY-50 19:30:00","CST","16-MAY-50 19:30:00"
"48","48",195005,22,195005,22,"OKLAHOMA","CUSTER","22-MAY-50 12:39:00","CST","22-MAY-50 12:39:00"
"49","49",195005,24,195005,24,"OKLAHOMA","WOODWARD","24-MAY-50 21:30:00","CST","24-MAY-50 21:30:00"
"50","50",195005,29,195005,29,"OKLAHOMA","MAYES","29-MAY-50 14:48:00","CST","29-MAY-50 14:48:00"
"51","51",195006,9,195006,9,"OKLAHOMA","KAY","09-JUN-50 18:25:00","CST","09-JUN-50 18:25:00"
"52","52",195002,12,195002,12,"MISSISSIPPI","UNION","12-FEB-50 12:00:00","CST","12-FEB-50 12:00:00"
"53","53",195002,12,195002,12,"MISSISSIPPI","UNION","12-FEB-50 12:00:00","CST","12-FEB-50 12:00:00"
"54","54",195003,1,195003,1,"MISSISSIPPI","LAUDERDALE","01-MAR-50 02:30:00","CST","01-MAR-50 02:30:00"
"55","55",195003,27,195003,27,"MISSISSIPPI","HUMPHREYS","27-MAR-50 05:00:00","CST","27-MAR-50 05:00:00"
"56","56",195003,27,195003,27,"MISSISSIPPI","ATTALA","27-MAR-50 07:30:00","CST","27-MAR-50 07:30:00"
"57","57",195003,27,195003,27,"MISSISSIPPI","HINDS","27-MAR-50 07:45:00","CST","27-MAR-50 07:45:00"
"58","58",195003,27,195003,27,"MISSISSIPPI","HINDS","27-MAR-50 07:45:00","CST","27-MAR-50 07:45:00"
"59","59",195003,27,195003,27,"MISSISSIPPI","RANKIN","27-MAR-50 08:00:00","CST","27-MAR-50 08:00:00"
"60","60",195003,27,195003,27,"MISSISSIPPI","RANKIN","27-MAR-50 08:05:00","CST","27-MAR-50 08:05:00"
"61","61",195003,27,195003,27,"MISSISSIPPI","CLAY","27-MAR-50 08:45:00","CST","27-MAR-50 08:45:00"
"62","62",195003,27,195003,27,"MISSISSIPPI","TISHOMINGO","27-MAR-50 11:00:00","CST","27-MAR-50 11:00:00"
"63","63",195004,29,195004,29,"MISSISSIPPI","MARION","29-APR-50 12:00:00","CST","29-APR-50 12:00:00"
"64","64",195001,3,195001,3,"MISSOURI","ST. LOUIS","03-JAN-50 11:00:00","CST","03-JAN-50 11:00:00"
"65","65",195006,9,195006,9,"MISSOURI","PULASKI","09-JUN-50 13:00:00","CST","09-JUN-50 13:00:00"
"66","66",195006,15,195006,15,"MISSOURI","SHELBY","15-JUN-50 01:00:00","CST","15-JUN-50 01:00:00"
"67","67",195007,19,195007,19,"MISSOURI","MORGAN","19-JUL-50 16:00:00","CST","19-JUL-50 16:00:00"
"68","68",195007,11,195007,11,"NEW MEXICO","QUAY","11-JUL-50 17:00:00","CST","11-JUL-50 17:00:00"
"69","69",195008,2,195008,2,"NEW MEXICO","SOCORRO","02-AUG-50 12:30:00","CST","02-AUG-50 12:30:00"
"70","70",195008,8,195008,8,"MISSOURI","GREENE","08-AUG-50 01:00:00","CST","08-AUG-50 01:00:00"
"71","71",195005,1,195005,1,"MISSISSIPPI","JEFFERSON","01-MAY-50 05:00:00","CST","01-MAY-50 05:00:00"
"72","72",195005,1,195005,1,"MISSISSIPPI","ADAMS","01-MAY-50 09:00:00","CST","01-MAY-50 09:00:00"
"73","73",195006,3,195006,3,"MISSISSIPPI","ATTALA","03-JUN-50 01:00:00","CST","03-JUN-50 01:00:00"
"74","74",195002,12,195002,12,"ARKANSAS","GRANT","12-FEB-50 12:30:00","CST","12-FEB-50 12:30:00"
"75","75",195002,12,195002,12,"ARKANSAS","UNION","12-FEB-50 15:00:00","CST","12-FEB-50 15:00:00"
"76","76",195003,26,195003,26,"ARKANSAS","CLARK","26-MAR-50 19:30:00","CST","26-MAR-50 19:30:00"
"77","77",195006,15,195006,15,"MINNESOTA","WILKIN","15-JUN-50 16:42:00","CST","15-JUN-50 16:42:00"
"78","78",195003,16,195003,16,"FLORIDA","ST. JOHNS","16-MAR-50 09:15:00","CST","16-MAR-50 09:15:00"
"79","79",195005,8,195005,8,"FLORIDA","VOLUSIA","08-MAY-50 13:00:00","CST","08-MAY-50 13:00:00"
"80","80",195005,15,195005,15,"FLORIDA","ORANGE","15-MAY-50 11:00:00","CST","15-MAY-50 11:00:00"
"81","81",195005,15,195005,15,"FLORIDA","ORANGE","15-MAY-50 11:00:00","CST","15-MAY-50 11:00:00"
"82","82",195008,11,195008,11,"MARYLAND","KENT","11-AUG-50 17:00:00","CST","11-AUG-50 17:00:00"
"83","83",195004,2,195004,2,"ARKANSAS","MISSISSIPPI","02-APR-50 18:00:00","CST","02-APR-50 18:00:00"
"84","84",195008,24,195008,24,"ARKANSAS","ARKANSAS","24-AUG-50 03:45:00","CST","24-AUG-50 03:45:00"
"85","85",195012,2,195012,2,"ARKANSAS","IZARD","02-DEC-50 16:25:00","CST","02-DEC-50 16:25:00"
"86","86",195003,26,195003,26,"ARKANSAS","IZARD","26-MAR-50 19:31:00","CST","26-MAR-50 19:31:00"
"87","87",195003,26,195003,26,"ARKANSAS","PULASKI","26-MAR-50 20:30:00","CST","26-MAR-50 20:30:00"
"88","88",195003,26,195003,26,"ARKANSAS","PRAIRIE","26-MAR-50 21:15:00","CST","26-MAR-50 21:15:00"
"89","89",195003,26,195003,26,"ARKANSAS","WOODRUFF","26-MAR-50 23:30:00","CST","26-MAR-50 23:30:00"
"90","90",195011,20,195011,20,"KENTUCKY","MUHLENBERG","20-NOV-50 02:20:00","CST","20-NOV-50 02:20:00"
"91","91",195011,20,195011,20,"KENTUCKY","SCOTT","20-NOV-50 04:00:00","CST","20-NOV-50 04:00:00"
"92","92",195004,18,195004,18,"ALABAMA","BALDWIN","18-APR-50 01:45:00","CST","18-APR-50 01:45:00"
"93","93",195007,12,195007,12,"CONNECTICUT","MIDDLESEX","12-JUL-50 16:00:00","CST","12-JUL-50 16:00:00"
"94","94",195003,26,195003,26,"ARKANSAS","HOT SPRING","26-MAR-50 19:30:00","CST","26-MAR-50 19:30:00"
"95","95",195004,2,195004,2,"ARKANSAS","JACKSON","02-APR-50 15:30:00","CST","02-APR-50 15:30:00"
"96","96",195008,30,195008,30,"FLORIDA","FRANKLIN","30-AUG-50 16:00:00","CST","30-AUG-50 16:00:00"
"97","97",195008,31,195008,31,"FLORIDA","JACKSON","31-AUG-50 00:02:00","CST","31-AUG-50 00:02:00"
"98","98",195011,20,195011,20,"MISSISSIPPI","NEWTON","20-NOV-50 07:30:00","CST","20-NOV-50 07:30:00"
"99","99",195005,12,195005,12,"NORTH CAROLINA","PITT","12-MAY-50 14:00:00","CST","12-MAY-50 14:00:00"
"100","100",195005,12,195005,12,"NORTH CAROLINA","WAKE","12-MAY-50 17:00:00","CST","12-MAY-50 17:00:00"
"101","101",195005,12,195005,12,"NORTH CAROLINA","WAKE","12-MAY-50 17:00:00","CST","12-MAY-50 17:00:00"
"102","102",195005,14,195005,14,"NORTH CAROLINA","MONTGOMERY","14-MAY-50 17:00:00","CST","14-MAY-50 17:00:00"
"103","103",195005,14,195005,14,"NORTH CAROLINA","UNION","14-MAY-50 17:30:00","CST","14-MAY-50 17:30:00"
"104","104",195005,31,195005,31,"NORTH CAROLINA","PITT","31-MAY-50 15:30:00","CST","31-MAY-50 15:30:00"
"105","105",195007,26,195007,26,"NORTH CAROLINA","PITT","26-JUL-50 15:30:00","CST","26-JUL-50 15:30:00"
"106","106",195007,27,195007,27,"NORTH CAROLINA","CABARRUS","27-JUL-50 16:20:00","CST","27-JUL-50 16:20:00"
"107","107",195010,9,195010,9,"NORTH CAROLINA","COLUMBUS","09-OCT-50 02:15:00","CST","09-OCT-50 02:15:00"
"108","108",195007,3,195007,3,"INDIANA","ST. JOSEPH","03-JUL-50 18:20:00","CST","03-JUL-50 18:20:00"
"109","109",195004,27,195004,27,"SOUTH CAROLINA","BERKELEY","27-APR-50 16:00:00","CST","27-APR-50 16:00:00"
"110","110",195007,22,195007,22,"COLORADO","WELD","22-JUL-50 15:07:00","CST","22-JUL-50 15:07:00"
"111","111",195008,5,195008,5,"COLORADO","SEDGWICK","05-AUG-50 17:30:00","CST","05-AUG-50 17:30:00"
"112","112",195008,5,195008,5,"COLORADO","SEDGWICK","05-AUG-50 17:35:00","CST","05-AUG-50 17:35:00"
"113","113",195007,19,195007,19,"INDIANA","FOUNTAIN","19-JUL-50 14:30:00","CST","19-JUL-50 14:30:00"
"114","114",195007,19,195007,19,"INDIANA","ALLEN","19-JUL-50 17:45:00","CST","19-JUL-50 17:45:00"
"115","115",195002,12,195002,12,"LOUISIANA","DE SOTO","12-FEB-50 13:00:00","CST","12-FEB-50 13:00:00"
"116","116",195002,12,195002,12,"LOUISIANA","DE SOTO","12-FEB-50 13:20:00","CST","12-FEB-50 13:20:00"
"117","117",195002,12,195002,12,"LOUISIANA","SABINE","12-FEB-50 14:00:00","CST","12-FEB-50 14:00:00"
"118","118",195002,12,195002,12,"LOUISIANA","CADDO","12-FEB-50 14:00:00","CST","12-FEB-50 14:00:00"
"119","119",195002,12,195002,12,"LOUISIANA","BOSSIER","12-FEB-50 14:20:00","CST","12-FEB-50 14:20:00"
"120","120",195002,12,195002,12,"LOUISIANA","NATCHITOCHES","12-FEB-50 14:30:00","CST","12-FEB-50 14:30:00"
"121","121",195002,12,195002,12,"LOUISIANA","NATCHITOCHES","12-FEB-50 15:00:00","CST","12-FEB-50 15:00:00"
"122","122",195002,12,195002,12,"LOUISIANA","WEBSTER","12-FEB-50 15:00:00","CST","12-FEB-50 15:00:00"
"123","123",195002,12,195002,12,"LOUISIANA","BIENVILLE","12-FEB-50 15:20:00","CST","12-FEB-50 15:20:00"
"124","124",195002,12,195002,12,"LOUISIANA","EAST CARROLL","12-FEB-50 23:00:00","CST","12-FEB-50 23:00:00"
"125","125",195003,19,195003,19,"LOUISIANA","CALCASIEU","19-MAR-50 07:30:00","CST","19-MAR-50 07:30:00"
"126","126",195003,19,195003,19,"LOUISIANA","JEFFERSON","19-MAR-50 13:15:00","CST","19-MAR-50 13:15:00"
"127","127",195003,19,195003,19,"LOUISIANA","ASCENSION","19-MAR-50 13:15:00","CST","19-MAR-50 13:15:00"
"128","128",195004,28,195004,28,"KANSAS","COFFEY","28-APR-50 17:00:00","CST","28-APR-50 17:00:00"
"129","129",195005,4,195005,4,"KANSAS","RUSH","04-MAY-50 20:00:00","CST","04-MAY-50 20:00:00"
"130","130",195005,4,195005,4,"KANSAS","BARTON","04-MAY-50 23:10:00","CST","04-MAY-50 23:10:00"
"131","131",195005,4,195005,4,"KANSAS","PAWNEE","04-MAY-50 23:30:00","CST","04-MAY-50 23:30:00"
"132","132",195005,5,195005,5,"KANSAS","JACKSON","05-MAY-50 03:30:00","CST","05-MAY-50 03:30:00"
"133","133",195005,5,195005,5,"KANSAS","BROWN","05-MAY-50 03:40:00","CST","05-MAY-50 03:40:00"
"134","134",195005,8,195005,8,"SOUTH DAKOTA","HUTCHINSON","08-MAY-50 04:30:00","CST","08-MAY-50 04:30:00"
"135","135",195005,4,195005,4,"IOWA","MILLS","04-MAY-50 21:00:00","CST","04-MAY-50 21:00:00"
"136","136",195005,8,195005,8,"IOWA","MONTGOMERY","08-MAY-50 19:20:00","CST","08-MAY-50 19:20:00"
"137","137",195005,25,195005,25,"TEXAS","DAWSON","25-MAY-50 16:30:00","CST","25-MAY-50 16:30:00"
"138","138",195005,29,195005,29,"TEXAS","DENTON","29-MAY-50 17:00:00","CST","29-MAY-50 17:00:00"
"139","139",195006,5,195006,5,"TEXAS","WASHINGTON","05-JUN-50 15:55:00","CST","05-JUN-50 15:55:00"
"140","140",195006,5,195006,5,"TEXAS","AUSTIN","05-JUN-50 16:00:00","CST","05-JUN-50 16:00:00"
"141","141",195006,19,195006,19,"TEXAS","HARTLEY","19-JUN-50 20:40:00","CST","19-JUN-50 20:40:00"
"142","142",195006,15,195006,15,"IOWA","STORY","15-JUN-50 20:00:00","CST","15-JUN-50 20:00:00"
"143","143",195007,1,195007,1,"IOWA","BUCHANAN","01-JUL-50 20:00:00","CST","01-JUL-50 20:00:00"
"144","144",195001,3,195001,3,"OHIO","VAN WERT","03-JAN-50 16:00:00","CST","03-JAN-50 16:00:00"
"145","145",195007,19,195007,19,"OHIO","VAN WERT","19-JUL-50 15:15:00","CST","19-JUL-50 15:15:00"
"146","146",195007,19,195007,19,"OHIO","ALLEN","19-JUL-50 15:15:00","CST","19-JUL-50 15:15:00"
"147","147",195006,13,195006,13,"NORTH DAKOTA","CASS","13-JUN-50 11:05:00","CST","13-JUN-50 11:05:00"
"148","148",195006,14,195006,14,"NORTH DAKOTA","DIVIDE","14-JUN-50 17:00:00","CST","14-JUN-50 17:00:00"
"149","149",195005,8,195005,8,"KANSAS","MITCHELL","08-MAY-50 18:30:00","CST","08-MAY-50 18:30:00"
"150","150",195005,8,195005,8,"KANSAS","JEWELL","08-MAY-50 19:00:00","CST","08-MAY-50 19:00:00"
"151","151",195001,25,195001,25,"MISSOURI","IRON","25-JAN-50 19:30:00","CST","25-JAN-50 19:30:00"
"152","152",195005,10,195005,10,"WYOMING","UINTA","10-MAY-50 13:00:00","CST","10-MAY-50 13:00:00"
"153","153",195006,7,195006,7,"WYOMING","NIOBRARA","07-JUN-50 15:30:00","CST","07-JUN-50 15:30:00"
"154","154",195006,14,195006,14,"WYOMING","WESTON","14-JUN-50 16:00:00","CST","14-JUN-50 16:00:00"
"155","155",195002,11,195002,11,"TEXAS","BRAZORIA","11-FEB-50 13:10:00","CST","11-FEB-50 13:10:00"
"156","156",195005,8,195005,8,"KANSAS","OSBORNE","08-MAY-50 19:30:00","CST","08-MAY-50 19:30:00"
"157","157",195004,18,195004,18,"ALABAMA","MOBILE","18-APR-50 01:30:00","CST","18-APR-50 01:30:00"
"158","158",195001,13,195001,13,"ARKANSAS","POLK","13-JAN-50 05:25:00","CST","13-JAN-50 05:25:00"
"159","159",195002,12,195002,12,"LOUISIANA","CLAIBORNE","12-FEB-50 14:20:00","CST","12-FEB-50 14:20:00"
"160","160",195008,9,195008,9,"WEST VIRGINIA","WOOD","09-AUG-50 16:55:00","CST","09-AUG-50 16:55:00"
"161","161",195007,14,195007,14,"CONNECTICUT","FAIRFIELD","14-JUL-50 06:30:00","CST","14-JUL-50 06:30:00"
"162","162",195006,13,195006,13,"ILLINOIS","CARROLL","13-JUN-50 03:00:00","CST","13-JUN-50 03:00:00"
"163","163",195007,16,195007,16,"ILLINOIS","LIVINGSTON","16-JUL-50 22:15:00","CST","16-JUL-50 22:15:00"
"164","164",195012,2,195012,2,"ILLINOIS","MADISON","02-DEC-50 15:00:00","CST","02-DEC-50 15:00:00"
"165","165",195012,2,195012,2,"ILLINOIS","MACOUPIN","02-DEC-50 15:15:00","CST","02-DEC-50 15:15:00"
"166","166",195012,2,195012,2,"ILLINOIS","MADISON","02-DEC-50 16:00:00","CST","02-DEC-50 16:00:00"
"167","167",195012,2,195012,2,"ILLINOIS","BOND","02-DEC-50 16:00:00","CST","02-DEC-50 16:00:00"
"168","168",195012,2,195012,2,"ILLINOIS","RANDOLPH","02-DEC-50 17:30:00","CST","02-DEC-50 17:30:00"
"169","169",195007,2,195007,2,"KANSAS","SCOTT","02-JUL-50 19:00:00","CST","02-JUL-50 19:00:00"
"170","170",195007,8,195007,8,"KANSAS","MARSHALL","08-JUL-50 22:45:00","CST","08-JUL-50 22:45:00"
"171","171",195007,18,195007,18,"KANSAS","ALLEN","18-JUL-50 16:30:00","CST","18-JUL-50 16:30:00"
"172","172",195008,6,195008,6,"KANSAS","RAWLINS","06-AUG-50 15:00:00","CST","06-AUG-50 15:00:00"
"173","173",195005,8,195005,8,"KANSAS","CLOUD","08-MAY-50 21:17:00","CST","08-MAY-50 21:17:00"
"174","174",195008,6,195008,6,"KANSAS","FINNEY","06-AUG-50 18:00:00","CST","06-AUG-50 18:00:00"
"175","175",195008,6,195008,6,"KANSAS","GOVE","06-AUG-50 18:30:00","CST","06-AUG-50 18:30:00"
"176","176",195008,28,195008,28,"KANSAS","HASKELL","28-AUG-50 14:50:00","CST","28-AUG-50 14:50:00"
"177","177",195005,8,195005,8,"KANSAS","REPUBLIC","08-MAY-50 21:30:00","CST","08-MAY-50 21:30:00"
"178","178",195005,9,195005,9,"KANSAS","RILEY","09-MAY-50 00:01:00","CST","09-MAY-50 00:01:00"
"179","179",195005,16,195005,16,"KANSAS","KINGMAN","16-MAY-50 18:00:00","CST","16-MAY-50 18:00:00"
"180","180",195005,18,195005,18,"KANSAS","JEWELL","18-MAY-50 19:00:00","CST","18-MAY-50 19:00:00"
"181","181",195005,18,195005,18,"KANSAS","CHASE","18-MAY-50 19:00:00","CST","18-MAY-50 19:00:00"
"182","182",195005,19,195005,19,"KANSAS","BUTLER","19-MAY-50 01:30:00","CST","19-MAY-50 01:30:00"
"183","183",195005,23,195005,23,"KANSAS","PHILLIPS","23-MAY-50 18:00:00","CST","23-MAY-50 18:00:00"
"184","184",195005,24,195005,24,"KANSAS","COMANCHE","24-MAY-50 13:30:00","CST","24-MAY-50 13:30:00"
"185","185",195005,24,195005,24,"KANSAS","RILEY","24-MAY-50 17:30:00","CST","24-MAY-50 17:30:00"
"186","186",195006,8,195006,8,"KANSAS","RICE","08-JUN-50 20:10:00","CST","08-JUN-50 20:10:00"
"187","187",195006,8,195006,8,"KANSAS","MCPHERSON","08-JUN-50 20:15:00","CST","08-JUN-50 20:15:00"
"188","188",195003,27,195003,27,"LOUISIANA","EAST CARROLL","27-MAR-50 06:00:00","CST","27-MAR-50 06:00:00"
"189","189",195003,27,195003,27,"LOUISIANA","EAST FELICIANA","27-MAR-50 08:30:00","CST","27-MAR-50 08:30:00"
"190","190",195004,24,195004,24,"LOUISIANA","ASCENSION","24-APR-50 07:45:00","CST","24-APR-50 07:45:00"
"191","191",195005,1,195005,1,"LOUISIANA","NATCHITOCHES","01-MAY-50 01:00:00","CST","01-MAY-50 01:00:00"
"192","192",195005,1,195005,1,"LOUISIANA","WINN","01-MAY-50 10:30:00","CST","01-MAY-50 10:30:00"
"193","193",195005,1,195005,1,"LOUISIANA","NATCHITOCHES","01-MAY-50 11:25:00","CST","01-MAY-50 11:25:00"
"194","194",195005,1,195005,1,"LOUISIANA","LA SALLE","01-MAY-50 11:30:00","CST","01-MAY-50 11:30:00"
"195","195",195005,1,195005,1,"LOUISIANA","CONCORDIA","01-MAY-50 11:30:00","CST","01-MAY-50 11:30:00"
"196","196",195005,2,195005,2,"LOUISIANA","GRANT","02-MAY-50 02:00:00","CST","02-MAY-50 02:00:00"
"197","197",195005,2,195005,2,"LOUISIANA","WINN","02-MAY-50 02:00:00","CST","02-MAY-50 02:00:00"
"198","198",195005,2,195005,2,"LOUISIANA","CATAHOULA","02-MAY-50 03:00:00","CST","02-MAY-50 03:00:00"
"199","199",195005,13,195005,13,"LOUISIANA","AVOYELLES","13-MAY-50 11:30:00","CST","13-MAY-50 11:30:00"
"200","200",195005,29,195005,29,"LOUISIANA","DE SOTO","29-MAY-50 23:00:00","CST","29-MAY-50 23:00:00"
"201","201",195005,29,195005,29,"LOUISIANA","SABINE","29-MAY-50 23:00:00","CST","29-MAY-50 23:00:00"
"202","202",195005,30,195005,30,"GEORGIA","WHITFIELD","30-MAY-50 14:00:00","CST","30-MAY-50 14:00:00"
"203","203",195006,4,195006,4,"GEORGIA","CARROLL","04-JUN-50 06:00:00","CST","04-JUN-50 06:00:00"
"204","204",195006,4,195006,4,"GEORGIA","DE KALB","04-JUN-50 08:00:00","CST","04-JUN-50 08:00:00"
"205","205",195006,7,195006,7,"GEORGIA","LAMAR","07-JUN-50 17:30:00","CST","07-JUN-50 17:30:00"
"206","206",195002,13,195002,13,"TENNESSEE","SHELBY","13-FEB-50 01:00:00","CST","13-FEB-50 01:00:00"
"207","207",195002,13,195002,13,"TENNESSEE","LAUDERDALE","13-FEB-50 02:00:00","CST","13-FEB-50 02:00:00"
"208","208",195003,27,195003,27,"TENNESSEE","WARREN","27-MAR-50 15:00:00","CST","27-MAR-50 15:00:00"
"209","209",195006,16,195006,16,"KANSAS","WICHITA","16-JUN-50 15:30:00","CST","16-JUN-50 15:30:00"
"210","210",195006,25,195006,25,"KANSAS","SEDGWICK","25-JUN-50 18:45:00","CST","25-JUN-50 18:45:00"
"211","211",195006,25,195006,25,"KANSAS","GRAHAM","25-JUN-50 21:00:00","CST","25-JUN-50 21:00:00"
"212","212",195007,1,195007,1,"KANSAS","RILEY","01-JUL-50 12:00:00","CST","01-JUL-50 12:00:00"
"213","213",195007,1,195007,1,"KANSAS","DICKINSON","01-JUL-50 12:00:00","CST","01-JUL-50 12:00:00"
"214","214",195001,3,195001,3,"ILLINOIS","MADISON","03-JAN-50 11:10:00","CST","03-JAN-50 11:10:00"
"215","215",195001,3,195001,3,"ILLINOIS","MONTGOMERY","03-JAN-50 11:55:00","CST","03-JAN-50 11:55:00"
"216","216",195001,25,195001,25,"ILLINOIS","KANKAKEE","25-JAN-50 21:00:00","CST","25-JAN-50 21:00:00"
"217","217",195003,27,195003,27,"ILLINOIS","MCLEAN","27-MAR-50 16:30:00","CST","27-MAR-50 16:30:00"
"218","218",195006,25,195006,25,"WISCONSIN","RUSK","25-JUN-50 19:20:00","CST","25-JUN-50 19:20:00"
"219","219",195006,25,195006,25,"WISCONSIN","PRICE","25-JUN-50 20:30:00","CST","25-JUN-50 20:30:00"
"220","220",195006,25,195006,25,"WISCONSIN","CLARK","25-JUN-50 21:00:00","CST","25-JUN-50 21:00:00"
"221","221",195006,25,195006,25,"WISCONSIN","ONEIDA","25-JUN-50 21:00:00","CST","25-JUN-50 21:00:00"
"222","222",195006,25,195006,25,"WISCONSIN","MARATHON","25-JUN-50 21:10:00","CST","25-JUN-50 21:10:00"
"223","223",195006,25,195006,25,"WISCONSIN","GREEN LAKE","25-JUN-50 23:30:00","CST","25-JUN-50 23:30:00"
"224","224",195109,9,195109,9,"MISSISSIPPI","LOWNDES","09-SEP-51 09:15:00","CST","09-SEP-51 09:15:00"
"225","225",195105,9,195105,9,"OKLAHOMA","COTTON","09-MAY-51 18:30:00","CST","09-MAY-51 18:30:00"
"226","226",195107,15,195107,15,"OKLAHOMA","KINGFISHER","15-JUL-51 16:20:00","CST","15-JUL-51 16:20:00"
"227","227",195103,28,195103,28,"TEXAS","HOUSTON","28-MAR-51 05:10:00","CST","28-MAR-51 05:10:00"
"228","228",195106,17,195106,17,"KANSAS","GOVE","17-JUN-51 22:00:00","CST","17-JUN-51 22:00:00"
"229","229",195105,8,195105,8,"KANSAS","WICHITA","08-MAY-51 18:00:00","CST","08-MAY-51 18:00:00"
"230","230",195105,3,195105,3,"MICHIGAN","LIVINGSTON","03-MAY-51 13:35:00","CST","03-MAY-51 13:35:00"
"231","231",195106,1,195106,1,"MICHIGAN","EATON","01-JUN-51 18:00:00","CST","01-JUN-51 18:00:00"
"232","232",195106,26,195106,26,"MICHIGAN","MIDLAND","26-JUN-51 18:00:00","CST","26-JUN-51 18:00:00"
"233","233",195102,19,195102,19,"OKLAHOMA","CADDO","19-FEB-51 18:30:00","CST","19-FEB-51 18:30:00"
"234","234",195104,29,195104,29,"NEW JERSEY","MORRIS","29-APR-51 18:15:00","CST","29-APR-51 18:15:00"
"235","235",195103,30,195103,30,"PENNSYLVANIA","ADAMS","30-MAR-51 15:00:00","CST","30-MAR-51 15:00:00"
"236","236",195105,11,195105,11,"PENNSYLVANIA","SOMERSET","11-MAY-51 13:30:00","CST","11-MAY-51 13:30:00"
"237","237",195106,27,195106,27,"PENNSYLVANIA","ARMSTRONG","27-JUN-51 22:04:00","CST","27-JUN-51 22:04:00"
"238","238",195107,21,195107,21,"PENNSYLVANIA","BRADFORD","21-JUL-51 11:00:00","CST","21-JUL-51 11:00:00"
"239","239",195104,30,195104,30,"NEBRASKA","MERRICK","30-APR-51 09:00:00","CST","30-APR-51 09:00:00"
"240","240",195105,13,195105,13,"NEBRASKA","CUSTER","13-MAY-51 19:00:00","CST","13-MAY-51 19:00:00"
"241","241",195105,30,195105,30,"NEBRASKA","SCOTTS BLUFF","30-MAY-51 14:34:00","CST","30-MAY-51 14:34:00"
"242","242",195105,30,195105,30,"NEBRASKA","CHASE","30-MAY-51 18:20:00","CST","30-MAY-51 18:20:00"
"243","243",195106,19,195106,19,"NEBRASKA","SIOUX","19-JUN-51 17:45:00","CST","19-JUN-51 17:45:00"
"244","244",195106,25,195106,25,"NEBRASKA","CHEYENNE","25-JUN-51 15:30:00","CST","25-JUN-51 15:30:00"
"245","245",195107,7,195107,7,"NEBRASKA","PERKINS","07-JUL-51 17:30:00","CST","07-JUL-51 17:30:00"
"246","246",195107,13,195107,13,"NEBRASKA","DEUEL","13-JUL-51 20:00:00","CST","13-JUL-51 20:00:00"
"247","247",195108,8,195108,8,"NEBRASKA","MORRILL","08-AUG-51 15:00:00","CST","08-AUG-51 15:00:00"
"248","248",195102,19,195102,19,"OKLAHOMA","CANADIAN","19-FEB-51 18:35:00","CST","19-FEB-51 18:35:00"
"249","249",195102,19,195102,19,"OKLAHOMA","CLEVELAND","19-FEB-51 22:00:00","CST","19-FEB-51 22:00:00"
"250","250",195104,5,195104,5,"OKLAHOMA","CLEVELAND","05-APR-51 13:20:00","CST","05-APR-51 13:20:00"
"251","251",195104,5,195104,5,"OKLAHOMA","GRADY","05-APR-51 13:22:00","CST","05-APR-51 13:22:00"
"252","252",195104,5,195104,5,"OKLAHOMA","WOODS","05-APR-51 16:45:00","CST","05-APR-51 16:45:00"
"253","253",195104,24,195104,24,"OKLAHOMA","CUSTER","24-APR-51 17:30:00","CST","24-APR-51 17:30:00"
"254","254",195104,24,195104,24,"OKLAHOMA","JACKSON","24-APR-51 18:03:00","CST","24-APR-51 18:03:00"
"255","255",195104,24,195104,24,"OKLAHOMA","KAY","24-APR-51 21:00:00","CST","24-APR-51 21:00:00"
"256","256",195104,26,195104,26,"OKLAHOMA","BEAVER","26-APR-51 19:15:00","CST","26-APR-51 19:15:00"
"257","257",195104,27,195104,27,"OKLAHOMA","MAJOR","27-APR-51 14:20:00","CST","27-APR-51 14:20:00"
"258","258",195104,30,195104,30,"OKLAHOMA","STEPHENS","30-APR-51 20:30:00","CST","30-APR-51 20:30:00"
"259","259",195104,30,195104,30,"OKLAHOMA","OKLAHOMA","30-APR-51 21:30:00","CST","30-APR-51 21:30:00"
"260","260",195104,30,195104,30,"OKLAHOMA","OKLAHOMA","30-APR-51 21:30:00","CST","30-APR-51 21:30:00"
"261","261",195105,9,195105,9,"OKLAHOMA","BRYAN","09-MAY-51 20:20:00","CST","09-MAY-51 20:20:00"
"262","262",195105,9,195105,9,"OKLAHOMA","JOHNSTON","09-MAY-51 20:20:00","CST","09-MAY-51 20:20:00"
"263","263",195105,14,195105,14,"OKLAHOMA","TEXAS","14-MAY-51 18:00:00","CST","14-MAY-51 18:00:00"
"264","264",195105,14,195105,14,"OKLAHOMA","TEXAS","14-MAY-51 18:00:00","CST","14-MAY-51 18:00:00"
"265","265",195105,16,195105,16,"OKLAHOMA","BECKHAM","16-MAY-51 10:00:00","CST","16-MAY-51 10:00:00"
"266","266",195105,18,195105,18,"OKLAHOMA","COMANCHE","18-MAY-51 17:30:00","CST","18-MAY-51 17:30:00"
"267","267",195105,18,195105,18,"OKLAHOMA","COMANCHE","18-MAY-51 17:30:00","CST","18-MAY-51 17:30:00"
"268","268",195105,31,195105,31,"TEXAS","HUTCHINSON","31-MAY-51 16:00:00","CST","31-MAY-51 16:00:00"
"269","269",195106,6,195106,6,"TEXAS","POTTER","06-JUN-51 18:20:00","CST","06-JUN-51 18:20:00"
"270","270",195106,6,195106,6,"TEXAS","CARSON","06-JUN-51 18:50:00","CST","06-JUN-51 18:50:00"
"271","271",195106,6,195106,6,"TEXAS","CARSON","06-JUN-51 20:06:00","CST","06-JUN-51 20:06:00"
"272","272",195106,6,195106,6,"TEXAS","GRAY","06-JUN-51 20:40:00","CST","06-JUN-51 20:40:00"
"273","273",195106,6,195106,6,"TEXAS","CHILDRESS","06-JUN-51 20:50:00","CST","06-JUN-51 20:50:00"
"274","274",195106,15,195106,15,"TEXAS","TAYLOR","15-JUN-51 22:20:00","CST","15-JUN-51 22:20:00"
"275","275",195106,16,195106,16,"TEXAS","JOHNSON","16-JUN-51 00:30:00","CST","16-JUN-51 00:30:00"
"276","276",195107,2,195107,2,"TEXAS","LAMB","02-JUL-51 00:15:00","CST","02-JUL-51 00:15:00"
"277","277",195105,18,195105,18,"OKLAHOMA","COMANCHE","18-MAY-51 17:30:00","CST","18-MAY-51 17:30:00"
"278","278",195105,19,195105,19,"OKLAHOMA","BECKHAM","19-MAY-51 19:15:00","CST","19-MAY-51 19:15:00"
"279","279",195105,19,195105,19,"OKLAHOMA","DEWEY","19-MAY-51 19:30:00","CST","19-MAY-51 19:30:00"
"280","280",195105,19,195105,19,"OKLAHOMA","BECKHAM","19-MAY-51 20:12:00","CST","19-MAY-51 20:12:00"
"281","281",195106,5,195106,5,"OKLAHOMA","TEXAS","05-JUN-51 18:00:00","CST","05-JUN-51 18:00:00"
"282","282",195106,6,195106,6,"OKLAHOMA","GREER","06-JUN-51 21:30:00","CST","06-JUN-51 21:30:00"
"283","283",195106,6,195106,6,"OKLAHOMA","GRADY","06-JUN-51 23:50:00","CST","06-JUN-51 23:50:00"
"284","284",195106,7,195106,7,"OKLAHOMA","TILLMAN","07-JUN-51 17:00:00","CST","07-JUN-51 17:00:00"
"285","285",195106,7,195106,7,"OKLAHOMA","ROGERS","07-JUN-51 18:15:00","CST","07-JUN-51 18:15:00"
"286","286",195106,7,195106,7,"OKLAHOMA","MUSKOGEE","07-JUN-51 22:55:00","CST","07-JUN-51 22:55:00"
"287","287",195106,8,195106,8,"OKLAHOMA","WASHITA","08-JUN-51 18:30:00","CST","08-JUN-51 18:30:00"
"288","288",195106,8,195106,8,"OKLAHOMA","KAY","08-JUN-51 19:14:00","CST","08-JUN-51 19:14:00"
"289","289",195106,8,195106,8,"OKLAHOMA","TILLMAN","08-JUN-51 19:15:00","CST","08-JUN-51 19:15:00"
"290","290",195106,20,195106,20,"OKLAHOMA","MAJOR","20-JUN-51 23:20:00","CST","20-JUN-51 23:20:00"
"291","291",195106,21,195106,21,"OKLAHOMA","CIMARRON","21-JUN-51 17:00:00","CST","21-JUN-51 17:00:00"
"292","292",195107,15,195107,15,"OKLAHOMA","KINGFISHER","15-JUL-51 16:20:00","CST","15-JUL-51 16:20:00"
"293","293",195107,15,195107,15,"OKLAHOMA","KINGFISHER","15-JUL-51 16:20:00","CST","15-JUL-51 16:20:00"
"294","294",195107,27,195107,27,"OKLAHOMA","ELLIS","27-JUL-51 15:30:00","CST","27-JUL-51 15:30:00"
"295","295",195108,10,195108,10,"OKLAHOMA","LOGAN","10-AUG-51 13:57:00","CST","10-AUG-51 13:57:00"
"296","296",195108,31,195108,31,"OKLAHOMA","WOODS","31-AUG-51 15:50:00","CST","31-AUG-51 15:50:00"
"297","297",195109,9,195109,9,"OKLAHOMA","CRAIG","09-SEP-51 16:20:00","CST","09-SEP-51 16:20:00"
"298","298",195110,21,195110,21,"OKLAHOMA","NOBLE","21-OCT-51 20:30:00","CST","21-OCT-51 20:30:00"
"299","299",195106,5,195106,5,"NEW MEXICO","CHAVES","05-JUN-51 15:30:00","CST","05-JUN-51 15:30:00"
"300","300",195108,10,195108,10,"NEW MEXICO","UNION","10-AUG-51 15:30:00","CST","10-AUG-51 15:30:00"
"301","301",195105,25,195105,25,"MISSOURI","NODAWAY","25-MAY-51 21:00:00","CST","25-MAY-51 21:00:00"
"302","302",195106,8,195106,8,"MISSOURI","PHELPS","08-JUN-51 17:45:00","CST","08-JUN-51 17:45:00"
"303","303",195107,4,195107,4,"MISSOURI","JASPER","04-JUL-51 01:00:00","CST","04-JUL-51 01:00:00"
"304","304",195107,8,195107,8,"MISSOURI","RAY","08-JUL-51 20:15:00","CST","08-JUL-51 20:15:00"
"305","305",195107,9,195107,9,"MISSOURI","HOWELL","09-JUL-51 23:45:00","CST","09-JUL-51 23:45:00"
"306","306",195111,13,195111,13,"MISSOURI","NEW MADRID","13-NOV-51 13:30:00","CST","13-NOV-51 13:30:00"
"307","307",195106,19,195106,19,"MINNESOTA","MCLEOD","19-JUN-51 17:30:00","CST","19-JUN-51 17:30:00"
"308","308",195106,19,195106,19,"MINNESOTA","ANOKA","19-JUN-51 19:00:00","CST","19-JUN-51 19:00:00"
"309","309",195106,25,195106,25,"MINNESOTA","MARTIN","25-JUN-51 15:00:00","CST","25-JUN-51 15:00:00"
"310","310",195107,20,195107,20,"MINNESOTA","HENNEPIN","20-JUL-51 21:00:00","CST","20-JUL-51 21:00:00"
"311","311",195108,21,195108,21,"NEW HAMPSHIRE","ROCKINGHAM","21-AUG-51 14:00:00","CST","21-AUG-51 14:00:00"
"312","312",195102,20,195102,20,"KENTUCKY","SHELBY","20-FEB-51 18:00:00","CST","20-FEB-51 18:00:00"
"313","313",195111,13,195111,13,"KENTUCKY","MARSHALL","13-NOV-51 17:50:00","CST","13-NOV-51 17:50:00"
"314","314",195102,20,195102,20,"ALABAMA","FAYETTE","20-FEB-51 16:00:00","CST","20-FEB-51 16:00:00"
"315","315",195106,8,195106,8,"ALABAMA","MADISON","08-JUN-51 09:00:00","CST","08-JUN-51 09:00:00"
"316","316",195111,15,195111,15,"ALABAMA","CULLMAN","15-NOV-51 15:00:00","CST","15-NOV-51 15:00:00"
"317","317",195111,15,195111,15,"ALABAMA","LAUDERDALE","15-NOV-51 20:00:00","CST","15-NOV-51 20:00:00"
"318","318",195111,16,195111,16,"ALABAMA","BLOUNT","16-NOV-51 01:00:00","CST","16-NOV-51 01:00:00"
"319","319",195108,20,195108,20,"CONNECTICUT","TOLLAND","20-AUG-51 15:30:00","CST","20-AUG-51 15:30:00"
"320","320",195108,21,195108,21,"CONNECTICUT","LITCHFIELD","21-AUG-51 16:15:00","CST","21-AUG-51 16:15:00"
"321","321",195108,15,195108,15,"MICHIGAN","EATON","15-AUG-51 14:00:00","CST","15-AUG-51 14:00:00"
"322","322",195108,15,195108,15,"MICHIGAN","LAPEER","15-AUG-51 14:00:00","CST","15-AUG-51 14:00:00"
"323","323",195108,15,195108,15,"MICHIGAN","CLINTON","15-AUG-51 14:30:00","CST","15-AUG-51 14:30:00"
"324","324",195109,26,195109,26,"MICHIGAN","NEWAYGO","26-SEP-51 21:00:00","CST","26-SEP-51 21:00:00"
"325","325",195101,11,195101,11,"CALIFORNIA","SANTA CLARA","11-JAN-51 10:25:00","CST","11-JAN-51 10:25:00"
"326","326",195108,21,195108,21,"MASSACHUSETTS","ESSEX","21-AUG-51 14:00:00","CST","21-AUG-51 14:00:00"
"327","327",195112,18,195112,18,"MASSACHUSETTS","DUKES","18-DEC-51 17:00:00","CST","18-DEC-51 17:00:00"
"328","328",195103,12,195103,12,"FLORIDA","SARASOTA","12-MAR-51 17:00:00","CST","12-MAR-51 17:00:00"
"329","329",195105,26,195105,26,"FLORIDA","FRANKLIN","26-MAY-51 09:30:00","CST","26-MAY-51 09:30:00"
"330","330",195105,26,195105,26,"FLORIDA","COLUMBIA","26-MAY-51 12:30:00","CST","26-MAY-51 12:30:00"
"331","331",195107,22,195107,22,"FLORIDA","HILLSBOROUGH","22-JUL-51 15:20:00","CST","22-JUL-51 15:20:00"
"332","332",195112,4,195112,4,"FLORIDA","POLK","04-DEC-51 11:25:00","CST","04-DEC-51 11:25:00"
"333","333",195112,18,195112,18,"FLORIDA","DUVAL","18-DEC-51 13:30:00","CST","18-DEC-51 13:30:00"
"334","334",195112,18,195112,18,"FLORIDA","POLK","18-DEC-51 17:45:00","CST","18-DEC-51 17:45:00"
"335","335",195112,18,195112,18,"FLORIDA","PINELLAS","18-DEC-51 18:00:00","CST","18-DEC-51 18:00:00"
"336","336",195112,18,195112,18,"FLORIDA","POLK","18-DEC-51 18:30:00","CST","18-DEC-51 18:30:00"
"337","337",195102,20,195102,20,"MISSISSIPPI","LOWNDES","20-FEB-51 15:00:00","CST","20-FEB-51 15:00:00"
"338","338",195102,20,195102,20,"MISSISSIPPI","OKTIBBEHA","20-FEB-51 15:00:00","CST","20-FEB-51 15:00:00"
"339","339",195104,21,195104,21,"MISSISSIPPI","SMITH","21-APR-51 12:00:00","CST","21-APR-51 12:00:00"
"340","340",195104,21,195104,21,"MISSISSIPPI","JONES","21-APR-51 19:25:00","CST","21-APR-51 19:25:00"
"341","341",195104,21,195104,21,"MISSISSIPPI","JASPER","21-APR-51 19:40:00","CST","21-APR-51 19:40:00"
"342","342",195106,9,195106,9,"MISSISSIPPI","SHARKEY","09-JUN-51 05:30:00","CST","09-JUN-51 05:30:00"
"343","343",195112,8,195112,8,"MISSISSIPPI","WARREN","08-DEC-51 17:30:00","CST","08-DEC-51 17:30:00"
"344","344",195112,20,195112,20,"MISSISSIPPI","WINSTON","20-DEC-51 15:15:00","CST","20-DEC-51 15:15:00"
"345","345",195102,20,195102,20,"ARKANSAS","LONOKE","20-FEB-51 09:15:00","CST","20-FEB-51 09:15:00"
"346","346",195102,20,195102,20,"ARKANSAS","PRAIRIE","20-FEB-51 09:15:00","CST","20-FEB-51 09:15:00"
"347","347",195110,23,195110,23,"ARKANSAS","YELL","23-OCT-51 03:00:00","CST","23-OCT-51 03:00:00"
"348","348",195108,21,195108,21,"CONNECTICUT","MIDDLESEX","21-AUG-51 16:30:00","CST","21-AUG-51 16:30:00"
"349","349",195106,9,195106,9,"NORTH CAROLINA","FRANKLIN","09-JUN-51 17:00:00","CST","09-JUN-51 17:00:00"
"350","350",195106,13,195106,13,"NORTH CAROLINA","PENDER","13-JUN-51 15:30:00","CST","13-JUN-51 15:30:00"
"351","351",195107,6,195107,6,"NORTH CAROLINA","BRUNSWICK","06-JUL-51 11:00:00","CST","06-JUL-51 11:00:00"
"352","352",195108,9,195108,9,"NORTH CAROLINA","CATAWBA","09-AUG-51 11:00:00","CST","09-AUG-51 11:00:00"
"353","353",195106,24,195106,24,"SOUTH CAROLINA","BAMBERG","24-JUN-51 14:00:00","CST","24-JUN-51 14:00:00"
"354","354",195105,17,195105,17,"COLORADO","ELBERT","17-MAY-51 18:35:00","CST","17-MAY-51 18:35:00"
"355","355",195105,20,195105,20,"COLORADO","SEDGWICK","20-MAY-51 14:00:00","CST","20-MAY-51 14:00:00"
"356","356",195105,20,195105,20,"COLORADO","SEDGWICK","20-MAY-51 15:00:00","CST","20-MAY-51 15:00:00"
"357","357",195105,20,195105,20,"COLORADO","SEDGWICK","20-MAY-51 15:00:00","CST","20-MAY-51 15:00:00"
"358","358",195106,6,195106,6,"COLORADO","LINCOLN","06-JUN-51 13:30:00","CST","06-JUN-51 13:30:00"
"359","359",195106,14,195106,14,"COLORADO","EL PASO","14-JUN-51 21:00:00","CST","14-JUN-51 21:00:00"
"360","360",195106,18,195106,18,"COLORADO","CROWLEY","18-JUN-51 18:00:00","CST","18-JUN-51 18:00:00"
"361","361",195106,25,195106,25,"COLORADO","SEDGWICK","25-JUN-51 17:45:00","CST","25-JUN-51 17:45:00"
"362","362",195103,29,195103,29,"INDIANA","HANCOCK","29-MAR-51 18:30:00","CST","29-MAR-51 18:30:00"
"363","363",195106,21,195106,21,"INDIANA","PULASKI","21-JUN-51 19:50:00","CST","21-JUN-51 19:50:00"
"364","364",195106,21,195106,21,"INDIANA","FULTON","21-JUN-51 20:00:00","CST","21-JUN-51 20:00:00"
"365","365",195107,9,195107,9,"INDIANA","HOWARD","09-JUL-51 01:00:00","CST","09-JUL-51 01:00:00"
"366","366",195111,13,195111,13,"INDIANA","LAKE","13-NOV-51 16:00:00","CST","13-NOV-51 16:00:00"
"367","367",195107,8,195107,8,"SOUTH DAKOTA","ROBERTS","08-JUL-51 20:00:00","CST","08-JUL-51 20:00:00"
"368","368",195107,20,195107,20,"SOUTH DAKOTA","CODINGTON","20-JUL-51 18:15:00","CST","20-JUL-51 18:15:00"
"369","369",195104,20,195104,20,"TEXAS","WICHITA","20-APR-51 15:10:00","CST","20-APR-51 15:10:00"
"370","370",195105,9,195105,9,"TEXAS","WICHITA","09-MAY-51 17:00:00","CST","09-MAY-51 17:00:00"
"371","371",195105,15,195105,15,"TEXAS","CASTRO","15-MAY-51 18:30:00","CST","15-MAY-51 18:30:00"
"372","372",195105,18,195105,18,"TEXAS","YOUNG","18-MAY-51 15:45:00","CST","18-MAY-51 15:45:00"
"373","373",195105,24,195105,24,"TEXAS","HASKELL","24-MAY-51 17:00:00","CST","24-MAY-51 17:00:00"
"374","374",195105,31,195105,31,"KANSAS","JEFFERSON","31-MAY-51 23:45:00","CST","31-MAY-51 23:45:00"
"375","375",195106,1,195106,1,"KANSAS","REPUBLIC","01-JUN-51 20:00:00","CST","01-JUN-51 20:00:00"
"376","376",195106,6,195106,6,"KANSAS","GRANT","06-JUN-51 16:30:00","CST","06-JUN-51 16:30:00"
"377","377",195106,6,195106,6,"KANSAS","TREGO","06-JUN-51 18:00:00","CST","06-JUN-51 18:00:00"
"378","378",195106,6,195106,6,"KANSAS","PRATT","06-JUN-51 19:30:00","CST","06-JUN-51 19:30:00"
"379","379",195106,6,195106,6,"KANSAS","PRATT","06-JUN-51 19:30:00","CST","06-JUN-51 19:30:00"
"380","380",195106,6,195106,6,"KANSAS","PRATT","06-JUN-51 19:30:00","CST","06-JUN-51 19:30:00"
"381","381",195106,6,195106,6,"KANSAS","PRATT","06-JUN-51 19:30:00","CST","06-JUN-51 19:30:00"
"382","382",195106,6,195106,6,"KANSAS","GRANT","06-JUN-51 19:30:00","CST","06-JUN-51 19:30:00"
"383","383",195106,6,195106,6,"KANSAS","OSBORNE","06-JUN-51 20:00:00","CST","06-JUN-51 20:00:00"
"384","384",195106,6,195106,6,"KANSAS","BUTLER","06-JUN-51 22:00:00","CST","06-JUN-51 22:00:00"
"385","385",195106,8,195106,8,"KANSAS","COFFEY","08-JUN-51 13:30:00","CST","08-JUN-51 13:30:00"
"386","386",195106,8,195106,8,"KANSAS","DOUGLAS","08-JUN-51 17:00:00","CST","08-JUN-51 17:00:00"
"387","387",195106,15,195106,15,"KANSAS","SHAWNEE","15-JUN-51 19:15:00","CST","15-JUN-51 19:15:00"
"388","388",195106,17,195106,17,"KANSAS","HAMILTON","17-JUN-51 15:00:00","CST","17-JUN-51 15:00:00"
"389","389",195106,17,195106,17,"KANSAS","GOVE","17-JUN-51 22:30:00","CST","17-JUN-51 22:30:00"
"390","390",195106,17,195106,17,"KANSAS","FRANKLIN","17-JUN-51 23:00:00","CST","17-JUN-51 23:00:00"
"391","391",195106,19,195106,19,"KANSAS","COMANCHE","19-JUN-51 18:00:00","CST","19-JUN-51 18:00:00"
"392","392",195106,20,195106,20,"KANSAS","THOMAS","20-JUN-51 22:00:00","CST","20-JUN-51 22:00:00"
"393","393",195106,20,195106,20,"KANSAS","WICHITA","20-JUN-51 22:00:00","CST","20-JUN-51 22:00:00"
"394","394",195106,21,195106,21,"KANSAS","OSBORNE","21-JUN-51 01:00:00","CST","21-JUN-51 01:00:00"
"395","395",195106,1,195106,1,"IOWA","MARSHALL","01-JUN-51 21:15:00","CST","01-JUN-51 21:15:00"
"396","396",195106,19,195106,19,"IOWA","LYON","19-JUN-51 16:00:00","CST","19-JUN-51 16:00:00"
"397","397",195106,25,195106,25,"IOWA","HANCOCK","25-JUN-51 17:07:00","CST","25-JUN-51 17:07:00"
"398","398",195107,17,195107,17,"IOWA","O'BRIEN","17-JUL-51 17:45:00","CST","17-JUL-51 17:45:00"
"399","399",195108,26,195108,26,"IOWA","PLYMOUTH","26-AUG-51 23:59:00","CST","26-AUG-51 23:59:00"
"400","400",195104,28,195104,28,"OHIO","HANCOCK","28-APR-51 20:55:00","CST","28-APR-51 20:55:00"
"401","401",195106,22,195106,22,"OHIO","CUYAHOGA","22-JUN-51 15:30:00","CST","22-JUN-51 15:30:00"
"402","402",195106,27,195106,27,"OHIO","BUTLER","27-JUN-51 06:00:00","CST","27-JUN-51 06:00:00"
"403","403",195106,21,195106,21,"KANSAS","RUSH","21-JUN-51 23:00:00","CST","21-JUN-51 23:00:00"
"404","404",195106,22,195106,22,"KANSAS","GREENWOOD","22-JUN-51 02:00:00","CST","22-JUN-51 02:00:00"
"405","405",195106,23,195106,23,"KANSAS","MORTON","23-JUN-51 22:00:00","CST","23-JUN-51 22:00:00"
"406","406",195106,23,195106,23,"KANSAS","STEVENS","23-JUN-51 22:00:00","CST","23-JUN-51 22:00:00"
"407","407",195106,27,195106,27,"KANSAS","TREGO","27-JUN-51 00:10:00","CST","27-JUN-51 00:10:00"
"408","408",195106,27,195106,27,"KANSAS","ELLIS","27-JUN-51 01:00:00","CST","27-JUN-51 01:00:00"
"409","409",195107,4,195107,4,"KANSAS","FORD","04-JUL-51 21:00:00","CST","04-JUL-51 21:00:00"
"410","410",195112,6,195112,6,"OREGON","LANE","06-DEC-51 17:40:00","CST","06-DEC-51 17:40:00"
"411","411",195106,14,195106,14,"NORTH DAKOTA","BURLEIGH","14-JUN-51 11:30:00","CST","14-JUN-51 11:30:00"
"412","412",195108,14,195108,14,"NORTH DAKOTA","HETTINGER","14-AUG-51 15:00:00","CST","14-AUG-51 15:00:00"
"413","413",195107,21,195107,21,"MICHIGAN","WASHTENAW","21-JUL-51 22:00:00","CST","21-JUL-51 22:00:00"
"414","414",195106,26,195106,26,"WEST VIRGINIA","WOOD","26-JUN-51 14:45:00","CST","26-JUN-51 14:45:00"
"415","415",195102,1,195102,1,"VIRGINIA","APPOMATTOX","01-FEB-51 13:00:00","CST","01-FEB-51 13:00:00"
"416","416",195105,11,195105,11,"VIRGINIA","KING AND QUEEN","11-MAY-51 15:00:00","CST","11-MAY-51 15:00:00"
"417","417",195106,13,195106,13,"VIRGINIA","RICHMOND (C)","13-JUN-51 15:05:00","CST","13-JUN-51 15:05:00"
"418","418",195106,27,195106,27,"VIRGINIA","NEWPORT NEWS (C)","27-JUN-51 15:00:00","CST","27-JUN-51 15:00:00"
"419","419",195111,1,195111,1,"VIRGINIA","YORK","01-NOV-51 06:40:00","CST","01-NOV-51 06:40:00"
"420","420",195107,7,195107,7,"KANSAS","ROOKS","07-JUL-51 18:00:00","CST","07-JUL-51 18:00:00"
"421","421",195106,27,195106,27,"ILLINOIS","LOGAN","27-JUN-51 19:30:00","CST","27-JUN-51 19:30:00"
"422","422",195106,27,195106,27,"ILLINOIS","LOGAN","27-JUN-51 20:45:00","CST","27-JUN-51 20:45:00"
"423","423",195111,13,195111,13,"ILLINOIS","MASON","13-NOV-51 13:15:00","CST","13-NOV-51 13:15:00"
"424","424",195111,13,195111,13,"ILLINOIS","JACKSON","13-NOV-51 14:50:00","CST","13-NOV-51 14:50:00"
"425","425",195112,6,195112,6,"ILLINOIS","BUREAU","06-DEC-51 18:00:00","CST","06-DEC-51 18:00:00"
"426","426",195107,22,195107,22,"KANSAS","CLOUD","22-JUL-51 00:50:00","CST","22-JUL-51 00:50:00"
"427","427",195108,6,195108,6,"KANSAS","FORD","06-AUG-51 15:00:00","CST","06-AUG-51 15:00:00"
"428","428",195108,7,195108,7,"KANSAS","MORTON","07-AUG-51 17:00:00","CST","07-AUG-51 17:00:00"
"429","429",195108,7,195108,7,"KANSAS","TREGO","07-AUG-51 21:30:00","CST","07-AUG-51 21:30:00"
"430","430",195108,10,195108,10,"KANSAS","CHEYENNE","10-AUG-51 18:30:00","CST","10-AUG-51 18:30:00"
"431","431",195108,13,195108,13,"KANSAS","MCPHERSON","13-AUG-51 02:30:00","CST","13-AUG-51 02:30:00"
"432","432",195108,13,195108,13,"KANSAS","MCPHERSON","13-AUG-51 02:30:00","CST","13-AUG-51 02:30:00"
"433","433",195108,23,195108,23,"KANSAS","RUSH","23-AUG-51 21:30:00","CST","23-AUG-51 21:30:00"
"434","434",195108,24,195108,24,"KANSAS","FRANKLIN","24-AUG-51 07:30:00","CST","24-AUG-51 07:30:00"
"435","435",195108,24,195108,24,"KANSAS","RAWLINS","24-AUG-51 17:30:00","CST","24-AUG-51 17:30:00"
"436","436",195108,31,195108,31,"KANSAS","SALINE","31-AUG-51 16:20:00","CST","31-AUG-51 16:20:00"
"437","437",195108,31,195108,31,"KANSAS","DICKINSON","31-AUG-51 16:20:00","CST","31-AUG-51 16:20:00"
"438","438",195109,23,195109,23,"KANSAS","RUSH","23-SEP-51 21:30:00","CST","23-SEP-51 21:30:00"
"439","439",195103,2,195103,2,"KANSAS","OSBORNE","02-MAR-51 16:00:00","CST","02-MAR-51 16:00:00"
"440","440",195103,2,195103,2,"KANSAS","BROWN","02-MAR-51 20:30:00","CST","02-MAR-51 20:30:00"
"441","441",195109,12,195109,12,"WISCONSIN","PEPIN","12-SEP-51 11:30:00","CST","12-SEP-51 11:30:00"
"442","442",195109,12,195109,12,"WISCONSIN","DUNN","12-SEP-51 11:48:00","CST","12-SEP-51 11:48:00"
"443","443",195109,26,195109,26,"WISCONSIN","PORTAGE","26-SEP-51 15:45:00","CST","26-SEP-51 15:45:00"
"444","444",195109,26,195109,26,"WISCONSIN","WAUPACA","26-SEP-51 16:08:00","CST","26-SEP-51 16:08:00"
"445","445",195109,26,195109,26,"WISCONSIN","COLUMBIA","26-SEP-51 16:30:00","CST","26-SEP-51 16:30:00"
"446","446",195101,6,195101,6,"LOUISIANA","RAPIDES","06-JAN-51 17:30:00","CST","06-JAN-51 17:30:00"
"447","447",195105,23,195105,23,"GEORGIA","LIBERTY","23-MAY-51 04:23:00","CST","23-MAY-51 04:23:00"
"448","448",195105,23,195105,23,"GEORGIA","COLQUITT","23-MAY-51 15:30:00","CST","23-MAY-51 15:30:00"
"449","449",195111,16,195111,16,"GEORGIA","DOUGHERTY","16-NOV-51 06:55:00","CST","16-NOV-51 06:55:00"
"450","450",195101,6,195101,6,"LOUISIANA","GRANT","06-JAN-51 17:40:00","CST","06-JAN-51 17:40:00"
"451","451",195102,6,195102,6,"LOUISIANA","ST. LANDRY","06-FEB-51 15:50:00","CST","06-FEB-51 15:50:00"
"452","452",195102,6,195102,6,"LOUISIANA","TANGIPAHOA","06-FEB-51 17:00:00","CST","06-FEB-51 17:00:00"
"453","453",195104,21,195104,21,"LOUISIANA","LA SALLE","21-APR-51 14:00:00","CST","21-APR-51 14:00:00"
"454","454",195104,21,195104,21,"LOUISIANA","OUACHITA","21-APR-51 14:00:00","CST","21-APR-51 14:00:00"
"455","455",195108,22,195108,22,"LOUISIANA","CALCASIEU","22-AUG-51 15:00:00","CST","22-AUG-51 15:00:00"
"456","456",195109,2,195109,2,"LOUISIANA","WINN","02-SEP-51 16:15:00","CST","02-SEP-51 16:15:00"
"457","457",195109,27,195109,27,"LOUISIANA","JEFFERSON","27-SEP-51 10:30:00","CST","27-SEP-51 10:30:00"
"458","458",195111,1,195111,1,"LOUISIANA","ORLEANS","01-NOV-51 07:00:00","CST","01-NOV-51 07:00:00"
"459","459",195111,14,195111,14,"TENNESSEE","GILES","14-NOV-51 22:00:00","CST","14-NOV-51 22:00:00"
"460","460",195104,20,195104,20,"KANSAS","MORTON","20-APR-51 15:30:00","CST","20-APR-51 15:30:00"
"461","461",195104,26,195104,26,"KANSAS","GRANT","26-APR-51 18:10:00","CST","26-APR-51 18:10:00"
"462","462",195104,26,195104,26,"KANSAS","MORTON","26-APR-51 18:15:00","CST","26-APR-51 18:15:00"
"463","463",195104,26,195104,26,"KANSAS","SEWARD","26-APR-51 19:15:00","CST","26-APR-51 19:15:00"
"464","464",195104,26,195104,26,"KANSAS","MORTON","26-APR-51 19:30:00","CST","26-APR-51 19:30:00"
"465","465",195104,30,195104,30,"KANSAS","PRATT","30-APR-51 05:30:00","CST","30-APR-51 05:30:00"
"466","466",195104,30,195104,30,"KANSAS","CHAUTAUQUA","30-APR-51 23:45:00","CST","30-APR-51 23:45:00"
"467","467",195105,2,195105,2,"KANSAS","SHAWNEE","02-MAY-51 19:30:00","CST","02-MAY-51 19:30:00"
"468","468",195105,2,195105,2,"KANSAS","ATCHISON","02-MAY-51 20:30:00","CST","02-MAY-51 20:30:00"
"469","469",195105,9,195105,9,"KANSAS","JEFFERSON","09-MAY-51 07:00:00","CST","09-MAY-51 07:00:00"
"470","470",195105,9,195105,9,"KANSAS","OSAGE","09-MAY-51 21:00:00","CST","09-MAY-51 21:00:00"
"471","471",195105,13,195105,13,"KANSAS","ELLIS","13-MAY-51 22:00:00","CST","13-MAY-51 22:00:00"
"472","472",195105,14,195105,14,"KANSAS","THOMAS","14-MAY-51 17:30:00","CST","14-MAY-51 17:30:00"
"473","473",195105,14,195105,14,"KANSAS","MORTON","14-MAY-51 18:30:00","CST","14-MAY-51 18:30:00"
"474","474",195105,14,195105,14,"KANSAS","RAWLINS","14-MAY-51 19:30:00","CST","14-MAY-51 19:30:00"
"475","475",195105,20,195105,20,"KANSAS","KEARNY","20-MAY-51 19:00:00","CST","20-MAY-51 19:00:00"
"476","476",195105,20,195105,20,"KANSAS","KEARNY","20-MAY-51 19:00:00","CST","20-MAY-51 19:00:00"
"477","477",195105,20,195105,20,"KANSAS","RAWLINS","20-MAY-51 19:00:00","CST","20-MAY-51 19:00:00"
"478","478",195105,21,195105,21,"KANSAS","GEARY","21-MAY-51 01:00:00","CST","21-MAY-51 01:00:00"
"479","479",195105,21,195105,21,"KANSAS","STANTON","21-MAY-51 19:00:00","CST","21-MAY-51 19:00:00"
"480","480",195105,25,195105,25,"KANSAS","CLOUD","25-MAY-51 14:30:00","CST","25-MAY-51 14:30:00"
"481","481",195105,25,195105,25,"KANSAS","CLAY","25-MAY-51 16:00:00","CST","25-MAY-51 16:00:00"
"482","482",195105,25,195105,25,"KANSAS","REPUBLIC","25-MAY-51 18:00:00","CST","25-MAY-51 18:00:00"
"483","483",195105,30,195105,30,"KANSAS","ELLIS","30-MAY-51 20:00:00","CST","30-MAY-51 20:00:00"
"484","484",195105,30,195105,30,"KANSAS","CLAY","30-MAY-51 22:50:00","CST","30-MAY-51 22:50:00"
"485","485",195105,30,195105,30,"KANSAS","RILEY","30-MAY-51 22:50:00","CST","30-MAY-51 22:50:00"
"486","486",195105,30,195105,30,"KANSAS","POTTAWATOMIE","30-MAY-51 22:50:00","CST","30-MAY-51 22:50:00"
"487","487",195105,30,195105,30,"KANSAS","JACKSON","30-MAY-51 22:50:00","CST","30-MAY-51 22:50:00"
"488","488",195105,30,195105,30,"KANSAS","CLAY","30-MAY-51 22:50:00","CST","30-MAY-51 22:50:00"
"489","489",195105,30,195105,30,"KANSAS","CLAY","30-MAY-51 22:50:00","CST","30-MAY-51 22:50:00"
"490","490",195105,30,195105,30,"KANSAS","POTTAWATOMIE","30-MAY-51 22:50:00","CST","30-MAY-51 22:50:00"
"491","491",195106,19,195106,19,"WISCONSIN","DODGE","19-JUN-51 20:50:00","CST","19-JUN-51 20:50:00"
"492","492",195107,3,195107,3,"WISCONSIN","RICHLAND","03-JUL-51 20:00:00","CST","03-JUL-51 20:00:00"
"493","493",195203,18,195203,18,"MISSOURI","CAPE GIRARDEAU","18-MAR-52 18:30:00","CST","18-MAR-52 18:30:00"
"494","494",195206,29,195206,29,"FLORIDA","PINELLAS","29-JUN-52 11:00:00","CST","29-JUN-52 11:00:00"
"495","495",195207,13,195207,13,"OKLAHOMA","ROGERS","13-JUL-52 15:00:00","CST","13-JUL-52 15:00:00"
"496","496",195207,16,195207,16,"OKLAHOMA","BEAVER","16-JUL-52 17:30:00","CST","16-JUL-52 17:30:00"
"497","497",195208,15,195208,15,"OKLAHOMA","LOGAN","15-AUG-52 16:30:00","CST","15-AUG-52 16:30:00"
"498","498",195205,24,195205,24,"OHIO","CUYAHOGA","24-MAY-52 15:05:00","CST","24-MAY-52 15:05:00"
"499","499",195204,5,195204,5,"NEW JERSEY","UNION","05-APR-52 16:10:00","CST","05-APR-52 16:10:00"
"500","500",195208,10,195208,10,"NEW JERSEY","BURLINGTON","10-AUG-52 09:04:00","CST","10-AUG-52 09:04:00"
